path,n_variables,n_constraints,n_nonzeros
/Users/skandavyassrinivasan/Documents/Integral-Optimization-Branch-Learning-Research/data/instances/eval_cauctions/cauctions_000.lp,500,196,2738
/Users/skandavyassrinivasan/Documents/Integral-Optimization-Branch-Learning-Research/data/instances/eval_cauctions/cauctions_001.lp,500,190,2514
/Users/skandavyassrinivasan/Documents/Integral-Optimization-Branch-Learning-Research/data/instances/eval_cauctions/cauctions_002.lp,500,191,2976
/Users/skandavyassrinivasan/Documents/Integral-Optimization-Branch-Learning-Research/data/instances/eval_cauctions/cauctions_003.lp,500,195,2883
/Users/skandavyassrinivasan/Documents/Integral-Optimization-Branch-Learning-Research/data/instances/eval_cauctions/cauctions_004.lp,500,200,2628
/Users/skandavyassrinivasan/Documents/Integral-Optimization-Branch-Learning-Research/data/instances/eval_cauctions/cauctions_005.lp,500,188,3066
/Users/skandavyassrinivasan/Documents/Integral-Optimization-Branch-Learning-Research/data/instances/eval_cauctions/cauctions_006.lp,500,196,2881
/Users/skandavyassrinivasan/Documents/Integral-Optimization-Branch-Learning-Research/data/instances/eval_cauctions/cauctions_007.lp,500,191,2985
/Users/skandavyassrinivasan/Documents/Integral-Optimization-Branch-Learning-Research/data/instances/eval_cauctions/cauctions_008.lp,500,198,2595
/Users/skandavyassrinivasan/Documents/Integral-Optimization-Branch-Learning-Research/data/instances/eval_cauctions/cauctions_009.lp,500,193,2873
/Users/skandavyassrinivasan/Documents/Integral-Optimization-Branch-Learning-Research/data/instances/eval_cauctions/cauctions_010.lp,500,190,2886
/Users/skandavyassrinivasan/Documents/Integral-Optimization-Branch-Learning-Research/data/instances/eval_cauctions/cauctions_011.lp,500,193,2754
/Users/skandavyassrinivasan/Documents/Integral-Optimization-Branch-Learning-Research/data/instances/eval_cauctions/cauctions_012.lp,500,193,2782
/Users/skandavyassrinivasan/Documents/Integral-Optimization-Branch-Learning-Research/data/instances/eval_cauctions/cauctions_013.lp,500,201,2764
/Users/skandavyassrinivasan/Documents/Integral-Optimization-Branch-Learning-Research/data/instances/eval_cauctions/cauctions_014.lp,500,192,3070
/Users/skandavyassrinivasan/Documents/Integral-Optimization-Branch-Learning-Research/data/instances/eval_cauctions/cauctions_015.lp,500,190,2864
/Users/skandavyassrinivasan/Documents/Integral-Optimization-Branch-Learning-Research/data/instances/eval_cauctions/cauctions_016.lp,500,196,2540
/Users/skandavyassrinivasan/Documents/Integral-Optimization-Branch-Learning-Research/data/instances/eval_cauctions/cauctions_017.lp,500,192,2934
/Users/skandavyassrinivasan/Documents/Integral-Optimization-Branch-Learning-Research/data/instances/eval_cauctions/cauctions_018.lp,500,198,2860
/Users/skandavyassrinivasan/Documents/Integral-Optimization-Branch-Learning-Research/data/instances/eval_cauctions/cauctions_019.lp,500,191,2874
/Users/skandavyassrinivasan/Documents/Integral-Optimization-Branch-Learning-Research/data/instances/eval_cauctions/cauctions_020.lp,500,194,2829
/Users/skandavyassrinivasan/Documents/Integral-Optimization-Branch-Learning-Research/data/instances/eval_cauctions/cauctions_021.lp,500,189,2691
/Users/skandavyassrinivasan/Documents/Integral-Optimization-Branch-Learning-Research/data/instances/eval_cauctions/cauctions_022.lp,500,190,2826
/Users/skandavyassrinivasan/Documents/Integral-Optimization-Branch-Learning-Research/data/instances/eval_cauctions/cauctions_023.lp,500,194,2838
/Users/skandavyassrinivasan/Documents/Integral-Optimization-Branch-Learning-Research/data/instances/eval_cauctions/cauctions_024.lp,500,192,2806
/Users/skandavyassrinivasan/Documents/Integral-Optimization-Branch-Learning-Research/data/instances/eval_cauctions/cauctions_025.lp,500,193,2738
/Users/skandavyassrinivasan/Documents/Integral-Optimization-Branch-Learning-Research/data/instances/eval_cauctions/cauctions_026.lp,500,189,2944
/Users/skandavyassrinivasan/Documents/Integral-Optimization-Branch-Learning-Research/data/instances/eval_cauctions/cauctions_027.lp,500,190,2897
/Users/skandavyassrinivasan/Documents/Integral-Optimization-Branch-Learning-Research/data/instances/eval_cauctions/cauctions_028.lp,500,192,2780
/Users/skandavyassrinivasan/Documents/Integral-Optimization-Branch-Learning-Research/data/instances/eval_cauctions/cauctions_029.lp,500,185,2740
/Users/skandavyassrinivasan/Documents/Integral-Optimization-Branch-Learning-Research/data/instances/eval_cauctions/cauctions_030.lp,500,192,2901
/Users/skandavyassrinivasan/Documents/Integral-Optimization-Branch-Learning-Research/data/instances/eval_cauctions/cauctions_031.lp,500,190,2706
/Users/skandavyassrinivasan/Documents/Integral-Optimization-Branch-Learning-Research/data/instances/eval_cauctions/cauctions_032.lp,500,192,2727
/Users/skandavyassrinivasan/Documents/Integral-Optimization-Branch-Learning-Research/data/instances/eval_cauctions/cauctions_033.lp,500,191,2743
/Users/skandavyassrinivasan/Documents/Integral-Optimization-Branch-Learning-Research/data/instances/eval_cauctions/cauctions_034.lp,500,189,2570
/Users/skandavyassrinivasan/Documents/Integral-Optimization-Branch-Learning-Research/data/instances/eval_cauctions/cauctions_035.lp,500,193,3000
/Users/skandavyassrinivasan/Documents/Integral-Optimization-Branch-Learning-Research/data/instances/eval_cauctions/cauctions_036.lp,500,191,2807
/Users/skandavyassrinivasan/Documents/Integral-Optimization-Branch-Learning-Research/data/instances/eval_cauctions/cauctions_037.lp,500,191,2726
/Users/skandavyassrinivasan/Documents/Integral-Optimization-Branch-Learning-Research/data/instances/eval_cauctions/cauctions_038.lp,500,192,2664
/Users/skandavyassrinivasan/Documents/Integral-Optimization-Branch-Learning-Research/data/instances/eval_cauctions/cauctions_039.lp,500,191,2954
/Users/skandavyassrinivasan/Documents/Integral-Optimization-Branch-Learning-Research/data/instances/eval_cauctions/cauctions_040.lp,500,196,2881
/Users/skandavyassrinivasan/Documents/Integral-Optimization-Branch-Learning-Research/data/instances/eval_cauctions/cauctions_041.lp,500,194,2728
/Users/skandavyassrinivasan/Documents/Integral-Optimization-Branch-Learning-Research/data/instances/eval_cauctions/cauctions_042.lp,500,186,2926
/Users/skandavyassrinivasan/Documents/Integral-Optimization-Branch-Learning-Research/data/instances/eval_cauctions/cauctions_043.lp,500,184,2849
/Users/skandavyassrinivasan/Documents/Integral-Optimization-Branch-Learning-Research/data/instances/eval_cauctions/cauctions_044.lp,500,193,2532
/Users/skandavyassrinivasan/Documents/Integral-Optimization-Branch-Learning-Research/data/instances/eval_cauctions/cauctions_045.lp,500,193,2991
/Users/skandavyassrinivasan/Documents/Integral-Optimization-Branch-Learning-Research/data/instances/eval_cauctions/cauctions_046.lp,500,187,2843
/Users/skandavyassrinivasan/Documents/Integral-Optimization-Branch-Learning-Research/data/instances/eval_cauctions/cauctions_047.lp,500,196,2749
/Users/skandavyassrinivasan/Documents/Integral-Optimization-Branch-Learning-Research/data/instances/eval_cauctions/cauctions_048.lp,500,190,2782
/Users/skandavyassrinivasan/Documents/Integral-Optimization-Branch-Learning-Research/data/instances/eval_cauctions/cauctions_049.lp,500,192,2946
/Users/skandavyassrinivasan/Documents/Integral-Optimization-Branch-Learning-Research/data/instances/eval_cauctions/cauctions_050.lp,500,191,3134
/Users/skandavyassrinivasan/Documents/Integral-Optimization-Branch-Learning-Research/data/instances/eval_cauctions/cauctions_051.lp,500,188,2928
/Users/skandavyassrinivasan/Documents/Integral-Optimization-Branch-Learning-Research/data/instances/eval_cauctions/cauctions_052.lp,500,188,2794
/Users/skandavyassrinivasan/Documents/Integral-Optimization-Branch-Learning-Research/data/instances/eval_cauctions/cauctions_053.lp,500,196,2682
/Users/skandavyassrinivasan/Documents/Integral-Optimization-Branch-Learning-Research/data/instances/eval_cauctions/cauctions_054.lp,500,192,2704
/Users/skandavyassrinivasan/Documents/Integral-Optimization-Branch-Learning-Research/data/instances/eval_cauctions/cauctions_055.lp,500,197,3014
/Users/skandavyassrinivasan/Documents/Integral-Optimization-Branch-Learning-Research/data/instances/eval_cauctions/cauctions_056.lp,500,195,2601
/Users/skandavyassrinivasan/Documents/Integral-Optimization-Branch-Learning-Research/data/instances/eval_cauctions/cauctions_057.lp,500,198,2629
/Users/skandavyassrinivasan/Documents/Integral-Optimization-Branch-Learning-Research/data/instances/eval_cauctions/cauctions_058.lp,500,186,2892
/Users/skandavyassrinivasan/Documents/Integral-Optimization-Branch-Learning-Research/data/instances/eval_cauctions/cauctions_059.lp,500,189,2473
/Users/skandavyassrinivasan/Documents/Integral-Optimization-Branch-Learning-Research/data/instances/eval_cauctions/cauctions_060.lp,500,197,2754
/Users/skandavyassrinivasan/Documents/Integral-Optimization-Branch-Learning-Research/data/instances/eval_cauctions/cauctions_061.lp,500,184,2732
/Users/skandavyassrinivasan/Documents/Integral-Optimization-Branch-Learning-Research/data/instances/eval_cauctions/cauctions_062.lp,500,193,2926
/Users/skandavyassrinivasan/Documents/Integral-Optimization-Branch-Learning-Research/data/instances/eval_cauctions/cauctions_063.lp,500,191,2562
/Users/skandavyassrinivasan/Documents/Integral-Optimization-Branch-Learning-Research/data/instances/eval_cauctions/cauctions_064.lp,500,193,2697
/Users/skandavyassrinivasan/Documents/Integral-Optimization-Branch-Learning-Research/data/instances/eval_cauctions/cauctions_065.lp,500,196,2569
/Users/skandavyassrinivasan/Documents/Integral-Optimization-Branch-Learning-Research/data/instances/eval_cauctions/cauctions_066.lp,500,197,2923
/Users/skandavyassrinivasan/Documents/Integral-Optimization-Branch-Learning-Research/data/instances/eval_cauctions/cauctions_067.lp,500,195,2914
/Users/skandavyassrinivasan/Documents/Integral-Optimization-Branch-Learning-Research/data/instances/eval_cauctions/cauctions_068.lp,500,196,2901
/Users/skandavyassrinivasan/Documents/Integral-Optimization-Branch-Learning-Research/data/instances/eval_cauctions/cauctions_069.lp,500,197,2670
/Users/skandavyassrinivasan/Documents/Integral-Optimization-Branch-Learning-Research/data/instances/eval_cauctions/cauctions_070.lp,500,187,2885
/Users/skandavyassrinivasan/Documents/Integral-Optimization-Branch-Learning-Research/data/instances/eval_cauctions/cauctions_071.lp,500,194,2954
/Users/skandavyassrinivasan/Documents/Integral-Optimization-Branch-Learning-Research/data/instances/eval_cauctions/cauctions_072.lp,500,193,2790
/Users/skandavyassrinivasan/Documents/Integral-Optimization-Branch-Learning-Research/data/instances/eval_cauctions/cauctions_073.lp,500,198,2658
/Users/skandavyassrinivasan/Documents/Integral-Optimization-Branch-Learning-Research/data/instances/eval_cauctions/cauctions_074.lp,500,188,2917
/Users/skandavyassrinivasan/Documents/Integral-Optimization-Branch-Learning-Research/data/instances/eval_cauctions/cauctions_075.lp,500,196,2698
/Users/skandavyassrinivasan/Documents/Integral-Optimization-Branch-Learning-Research/data/instances/eval_cauctions/cauctions_076.lp,500,192,2811
/Users/skandavyassrinivasan/Documents/Integral-Optimization-Branch-Learning-Research/data/instances/eval_cauctions/cauctions_077.lp,500,193,2926
/Users/skandavyassrinivasan/Documents/Integral-Optimization-Branch-Learning-Research/data/instances/eval_cauctions/cauctions_078.lp,500,195,3000
/Users/skandavyassrinivasan/Documents/Integral-Optimization-Branch-Learning-Research/data/instances/eval_cauctions/cauctions_079.lp,500,194,2695
/Users/skandavyassrinivasan/Documents/Integral-Optimization-Branch-Learning-Research/data/instances/eval_cauctions/cauctions_080.lp,500,194,2795
/Users/skandavyassrinivasan/Documents/Integral-Optimization-Branch-Learning-Research/data/instances/eval_cauctions/cauctions_081.lp,500,187,2726
/Users/skandavyassrinivasan/Documents/Integral-Optimization-Branch-Learning-Research/data/instances/eval_cauctions/cauctions_082.lp,500,193,2419
/Users/skandavyassrinivasan/Documents/Integral-Optimization-Branch-Learning-Research/data/instances/eval_cauctions/cauctions_083.lp,500,191,2916
/Users/skandavyassrinivasan/Documents/Integral-Optimization-Branch-Learning-Research/data/instances/eval_cauctions/cauctions_084.lp,500,193,2904
/Users/skandavyassrinivasan/Documents/Integral-Optimization-Branch-Learning-Research/data/instances/eval_cauctions/cauctions_085.lp,500,189,2904
/Users/skandavyassrinivasan/Documents/Integral-Optimization-Branch-Learning-Research/data/instances/eval_cauctions/cauctions_086.lp,500,196,2757
/Users/skandavyassrinivasan/Documents/Integral-Optimization-Branch-Learning-Research/data/instances/eval_cauctions/cauctions_087.lp,500,194,2979
/Users/skandavyassrinivasan/Documents/Integral-Optimization-Branch-Learning-Research/data/instances/eval_cauctions/cauctions_088.lp,500,189,2712
/Users/skandavyassrinivasan/Documents/Integral-Optimization-Branch-Learning-Research/data/instances/eval_cauctions/cauctions_089.lp,500,195,2865
/Users/skandavyassrinivasan/Documents/Integral-Optimization-Branch-Learning-Research/data/instances/eval_cauctions/cauctions_090.lp,500,190,3086
/Users/skandavyassrinivasan/Documents/Integral-Optimization-Branch-Learning-Research/data/instances/eval_cauctions/cauctions_091.lp,500,189,2647
/Users/skandavyassrinivasan/Documents/Integral-Optimization-Branch-Learning-Research/data/instances/eval_cauctions/cauctions_092.lp,500,198,2512
/Users/skandavyassrinivasan/Documents/Integral-Optimization-Branch-Learning-Research/data/instances/eval_cauctions/cauctions_093.lp,500,188,2871
/Users/skandavyassrinivasan/Documents/Integral-Optimization-Branch-Learning-Research/data/instances/eval_cauctions/cauctions_094.lp,500,194,2933
/Users/skandavyassrinivasan/Documents/Integral-Optimization-Branch-Learning-Research/data/instances/eval_cauctions/cauctions_095.lp,500,191,2960
/Users/skandavyassrinivasan/Documents/Integral-Optimization-Branch-Learning-Research/data/instances/eval_cauctions/cauctions_096.lp,500,191,2623
/Users/skandavyassrinivasan/Documents/Integral-Optimization-Branch-Learning-Research/data/instances/eval_cauctions/cauctions_097.lp,500,192,2914
/Users/skandavyassrinivasan/Documents/Integral-Optimization-Branch-Learning-Research/data/instances/eval_cauctions/cauctions_098.lp,500,186,2796
/Users/skandavyassrinivasan/Documents/Integral-Optimization-Branch-Learning-Research/data/instances/eval_cauctions/cauctions_099.lp,500,192,2861
/Users/skandavyassrinivasan/Documents/Integral-Optimization-Branch-Learning-Research/data/instances/eval_facilities/facilities_000.lp,10100,10201,40200
/Users/skandavyassrinivasan/Documents/Integral-Optimization-Branch-Learning-Research/data/instances/eval_facilities/facilities_001.lp,10100,10201,40200
/Users/skandavyassrinivasan/Documents/Integral-Optimization-Branch-Learning-Research/data/instances/eval_facilities/facilities_002.lp,10100,10201,40200
/Users/skandavyassrinivasan/Documents/Integral-Optimization-Branch-Learning-Research/data/instances/eval_facilities/facilities_003.lp,10100,10201,40200
/Users/skandavyassrinivasan/Documents/Integral-Optimization-Branch-Learning-Research/data/instances/eval_facilities/facilities_004.lp,10100,10201,40200
/Users/skandavyassrinivasan/Documents/Integral-Optimization-Branch-Learning-Research/data/instances/eval_facilities/facilities_005.lp,10100,10201,40200
/Users/skandavyassrinivasan/Documents/Integral-Optimization-Branch-Learning-Research/data/instances/eval_facilities/facilities_006.lp,10100,10201,40200
/Users/skandavyassrinivasan/Documents/Integral-Optimization-Branch-Learning-Research/data/instances/eval_facilities/facilities_007.lp,10100,10201,40200
/Users/skandavyassrinivasan/Documents/Integral-Optimization-Branch-Learning-Research/data/instances/eval_facilities/facilities_008.lp,10100,10201,40200
/Users/skandavyassrinivasan/Documents/Integral-Optimization-Branch-Learning-Research/data/instances/eval_facilities/facilities_009.lp,10100,10201,40200
/Users/skandavyassrinivasan/Documents/Integral-Optimization-Branch-Learning-Research/data/instances/eval_facilities/facilities_010.lp,10100,10201,40200
/Users/skandavyassrinivasan/Documents/Integral-Optimization-Branch-Learning-Research/data/instances/eval_facilities/facilities_011.lp,10100,10201,40200
/Users/skandavyassrinivasan/Documents/Integral-Optimization-Branch-Learning-Research/data/instances/eval_facilities/facilities_012.lp,10100,10201,40200
/Users/skandavyassrinivasan/Documents/Integral-Optimization-Branch-Learning-Research/data/instances/eval_facilities/facilities_013.lp,10100,10201,40200
/Users/skandavyassrinivasan/Documents/Integral-Optimization-Branch-Learning-Research/data/instances/eval_facilities/facilities_014.lp,10100,10201,40200
/Users/skandavyassrinivasan/Documents/Integral-Optimization-Branch-Learning-Research/data/instances/eval_facilities/facilities_015.lp,10100,10201,40200
/Users/skandavyassrinivasan/Documents/Integral-Optimization-Branch-Learning-Research/data/instances/eval_facilities/facilities_016.lp,10100,10201,40200
/Users/skandavyassrinivasan/Documents/Integral-Optimization-Branch-Learning-Research/data/instances/eval_facilities/facilities_017.lp,10100,10201,40200
/Users/skandavyassrinivasan/Documents/Integral-Optimization-Branch-Learning-Research/data/instances/eval_facilities/facilities_018.lp,10100,10201,40200
/Users/skandavyassrinivasan/Documents/Integral-Optimization-Branch-Learning-Research/data/instances/eval_facilities/facilities_019.lp,10100,10201,40200
/Users/skandavyassrinivasan/Documents/Integral-Optimization-Branch-Learning-Research/data/instances/eval_facilities/facilities_020.lp,10100,10201,40200
/Users/skandavyassrinivasan/Documents/Integral-Optimization-Branch-Learning-Research/data/instances/eval_facilities/facilities_021.lp,10100,10201,40200
/Users/skandavyassrinivasan/Documents/Integral-Optimization-Branch-Learning-Research/data/instances/eval_facilities/facilities_022.lp,10100,10201,40200
/Users/skandavyassrinivasan/Documents/Integral-Optimization-Branch-Learning-Research/data/instances/eval_facilities/facilities_023.lp,10100,10201,40200
/Users/skandavyassrinivasan/Documents/Integral-Optimization-Branch-Learning-Research/data/instances/eval_facilities/facilities_024.lp,10100,10201,40200
/Users/skandavyassrinivasan/Documents/Integral-Optimization-Branch-Learning-Research/data/instances/eval_facilities/facilities_025.lp,10100,10201,40200
/Users/skandavyassrinivasan/Documents/Integral-Optimization-Branch-Learning-Research/data/instances/eval_facilities/facilities_026.lp,10100,10201,40200
/Users/skandavyassrinivasan/Documents/Integral-Optimization-Branch-Learning-Research/data/instances/eval_facilities/facilities_027.lp,10100,10201,40200
/Users/skandavyassrinivasan/Documents/Integral-Optimization-Branch-Learning-Research/data/instances/eval_facilities/facilities_028.lp,10100,10201,40200
/Users/skandavyassrinivasan/Documents/Integral-Optimization-Branch-Learning-Research/data/instances/eval_facilities/facilities_029.lp,10100,10201,40200
/Users/skandavyassrinivasan/Documents/Integral-Optimization-Branch-Learning-Research/data/instances/eval_facilities/facilities_030.lp,10100,10201,40200
/Users/skandavyassrinivasan/Documents/Integral-Optimization-Branch-Learning-Research/data/instances/eval_facilities/facilities_031.lp,10100,10201,40200
/Users/skandavyassrinivasan/Documents/Integral-Optimization-Branch-Learning-Research/data/instances/eval_facilities/facilities_032.lp,10100,10201,40200
/Users/skandavyassrinivasan/Documents/Integral-Optimization-Branch-Learning-Research/data/instances/eval_facilities/facilities_033.lp,10100,10201,40200
/Users/skandavyassrinivasan/Documents/Integral-Optimization-Branch-Learning-Research/data/instances/eval_facilities/facilities_034.lp,10100,10201,40200
/Users/skandavyassrinivasan/Documents/Integral-Optimization-Branch-Learning-Research/data/instances/eval_facilities/facilities_035.lp,10100,10201,40200
/Users/skandavyassrinivasan/Documents/Integral-Optimization-Branch-Learning-Research/data/instances/eval_facilities/facilities_036.lp,10100,10201,40200
/Users/skandavyassrinivasan/Documents/Integral-Optimization-Branch-Learning-Research/data/instances/eval_facilities/facilities_037.lp,10100,10201,40200
/Users/skandavyassrinivasan/Documents/Integral-Optimization-Branch-Learning-Research/data/instances/eval_facilities/facilities_038.lp,10100,10201,40200
/Users/skandavyassrinivasan/Documents/Integral-Optimization-Branch-Learning-Research/data/instances/eval_facilities/facilities_039.lp,10100,10201,40200
/Users/skandavyassrinivasan/Documents/Integral-Optimization-Branch-Learning-Research/data/instances/eval_facilities/facilities_040.lp,10100,10201,40200
/Users/skandavyassrinivasan/Documents/Integral-Optimization-Branch-Learning-Research/data/instances/eval_facilities/facilities_041.lp,10100,10201,40200
/Users/skandavyassrinivasan/Documents/Integral-Optimization-Branch-Learning-Research/data/instances/eval_facilities/facilities_042.lp,10100,10201,40200
/Users/skandavyassrinivasan/Documents/Integral-Optimization-Branch-Learning-Research/data/instances/eval_facilities/facilities_043.lp,10100,10201,40200
/Users/skandavyassrinivasan/Documents/Integral-Optimization-Branch-Learning-Research/data/instances/eval_facilities/facilities_044.lp,10100,10201,40200
/Users/skandavyassrinivasan/Documents/Integral-Optimization-Branch-Learning-Research/data/instances/eval_facilities/facilities_045.lp,10100,10201,40200
/Users/skandavyassrinivasan/Documents/Integral-Optimization-Branch-Learning-Research/data/instances/eval_facilities/facilities_046.lp,10100,10201,40200
/Users/skandavyassrinivasan/Documents/Integral-Optimization-Branch-Learning-Research/data/instances/eval_facilities/facilities_047.lp,10100,10201,40200
/Users/skandavyassrinivasan/Documents/Integral-Optimization-Branch-Learning-Research/data/instances/eval_facilities/facilities_048.lp,10100,10201,40200
/Users/skandavyassrinivasan/Documents/Integral-Optimization-Branch-Learning-Research/data/instances/eval_facilities/facilities_049.lp,10100,10201,40200
/Users/skandavyassrinivasan/Documents/Integral-Optimization-Branch-Learning-Research/data/instances/eval_facilities/facilities_050.lp,10100,10201,40200
/Users/skandavyassrinivasan/Documents/Integral-Optimization-Branch-Learning-Research/data/instances/eval_facilities/facilities_051.lp,10100,10201,40200
/Users/skandavyassrinivasan/Documents/Integral-Optimization-Branch-Learning-Research/data/instances/eval_facilities/facilities_052.lp,10100,10201,40200
/Users/skandavyassrinivasan/Documents/Integral-Optimization-Branch-Learning-Research/data/instances/eval_facilities/facilities_053.lp,10100,10201,40200
/Users/skandavyassrinivasan/Documents/Integral-Optimization-Branch-Learning-Research/data/instances/eval_facilities/facilities_054.lp,10100,10201,40200
/Users/skandavyassrinivasan/Documents/Integral-Optimization-Branch-Learning-Research/data/instances/eval_facilities/facilities_055.lp,10100,10201,40200
/Users/skandavyassrinivasan/Documents/Integral-Optimization-Branch-Learning-Research/data/instances/eval_facilities/facilities_056.lp,10100,10201,40200
/Users/skandavyassrinivasan/Documents/Integral-Optimization-Branch-Learning-Research/data/instances/eval_facilities/facilities_057.lp,10100,10201,40200
/Users/skandavyassrinivasan/Documents/Integral-Optimization-Branch-Learning-Research/data/instances/eval_facilities/facilities_058.lp,10100,10201,40200
/Users/skandavyassrinivasan/Documents/Integral-Optimization-Branch-Learning-Research/data/instances/eval_facilities/facilities_059.lp,10100,10201,40200
/Users/skandavyassrinivasan/Documents/Integral-Optimization-Branch-Learning-Research/data/instances/eval_facilities/facilities_060.lp,10100,10201,40200
/Users/skandavyassrinivasan/Documents/Integral-Optimization-Branch-Learning-Research/data/instances/eval_facilities/facilities_061.lp,10100,10201,40200
/Users/skandavyassrinivasan/Documents/Integral-Optimization-Branch-Learning-Research/data/instances/eval_facilities/facilities_062.lp,10100,10201,40200
/Users/skandavyassrinivasan/Documents/Integral-Optimization-Branch-Learning-Research/data/instances/eval_facilities/facilities_063.lp,10100,10201,40200
/Users/skandavyassrinivasan/Documents/Integral-Optimization-Branch-Learning-Research/data/instances/eval_facilities/facilities_064.lp,10100,10201,40200
/Users/skandavyassrinivasan/Documents/Integral-Optimization-Branch-Learning-Research/data/instances/eval_facilities/facilities_065.lp,10100,10201,40200
/Users/skandavyassrinivasan/Documents/Integral-Optimization-Branch-Learning-Research/data/instances/eval_facilities/facilities_066.lp,10100,10201,40200
/Users/skandavyassrinivasan/Documents/Integral-Optimization-Branch-Learning-Research/data/instances/eval_facilities/facilities_067.lp,10100,10201,40200
/Users/skandavyassrinivasan/Documents/Integral-Optimization-Branch-Learning-Research/data/instances/eval_facilities/facilities_068.lp,10100,10201,40200
/Users/skandavyassrinivasan/Documents/Integral-Optimization-Branch-Learning-Research/data/instances/eval_facilities/facilities_069.lp,10100,10201,40200
/Users/skandavyassrinivasan/Documents/Integral-Optimization-Branch-Learning-Research/data/instances/eval_facilities/facilities_070.lp,10100,10201,40200
/Users/skandavyassrinivasan/Documents/Integral-Optimization-Branch-Learning-Research/data/instances/eval_facilities/facilities_071.lp,10100,10201,40200
/Users/skandavyassrinivasan/Documents/Integral-Optimization-Branch-Learning-Research/data/instances/eval_facilities/facilities_072.lp,10100,10201,40200
/Users/skandavyassrinivasan/Documents/Integral-Optimization-Branch-Learning-Research/data/instances/eval_facilities/facilities_073.lp,10100,10201,40200
/Users/skandavyassrinivasan/Documents/Integral-Optimization-Branch-Learning-Research/data/instances/eval_facilities/facilities_074.lp,10100,10201,40200
/Users/skandavyassrinivasan/Documents/Integral-Optimization-Branch-Learning-Research/data/instances/eval_facilities/facilities_075.lp,10100,10201,40200
/Users/skandavyassrinivasan/Documents/Integral-Optimization-Branch-Learning-Research/data/instances/eval_facilities/facilities_076.lp,10100,10201,40200
/Users/skandavyassrinivasan/Documents/Integral-Optimization-Branch-Learning-Research/data/instances/eval_facilities/facilities_077.lp,10100,10201,40200
/Users/skandavyassrinivasan/Documents/Integral-Optimization-Branch-Learning-Research/data/instances/eval_facilities/facilities_078.lp,10100,10201,40200
/Users/skandavyassrinivasan/Documents/Integral-Optimization-Branch-Learning-Research/data/instances/eval_facilities/facilities_079.lp,10100,10201,40200
/Users/skandavyassrinivasan/Documents/Integral-Optimization-Branch-Learning-Research/data/instances/eval_facilities/facilities_080.lp,10100,10201,40200
/Users/skandavyassrinivasan/Documents/Integral-Optimization-Branch-Learning-Research/data/instances/eval_facilities/facilities_081.lp,10100,10201,40200
/Users/skandavyassrinivasan/Documents/Integral-Optimization-Branch-Learning-Research/data/instances/eval_facilities/facilities_082.lp,10100,10201,40200
/Users/skandavyassrinivasan/Documents/Integral-Optimization-Branch-Learning-Research/data/instances/eval_facilities/facilities_083.lp,10100,10201,40200
/Users/skandavyassrinivasan/Documents/Integral-Optimization-Branch-Learning-Research/data/instances/eval_facilities/facilities_084.lp,10100,10201,40200
/Users/skandavyassrinivasan/Documents/Integral-Optimization-Branch-Learning-Research/data/instances/eval_facilities/facilities_085.lp,10100,10201,40200
/Users/skandavyassrinivasan/Documents/Integral-Optimization-Branch-Learning-Research/data/instances/eval_facilities/facilities_086.lp,10100,10201,40200
/Users/skandavyassrinivasan/Documents/Integral-Optimization-Branch-Learning-Research/data/instances/eval_facilities/facilities_087.lp,10100,10201,40200
/Users/skandavyassrinivasan/Documents/Integral-Optimization-Branch-Learning-Research/data/instances/eval_facilities/facilities_088.lp,10100,10201,40200
/Users/skandavyassrinivasan/Documents/Integral-Optimization-Branch-Learning-Research/data/instances/eval_facilities/facilities_089.lp,10100,10201,40200
/Users/skandavyassrinivasan/Documents/Integral-Optimization-Branch-Learning-Research/data/instances/eval_facilities/facilities_090.lp,10100,10201,40200
/Users/skandavyassrinivasan/Documents/Integral-Optimization-Branch-Learning-Research/data/instances/eval_facilities/facilities_091.lp,10100,10201,40200
/Users/skandavyassrinivasan/Documents/Integral-Optimization-Branch-Learning-Research/data/instances/eval_facilities/facilities_092.lp,10100,10201,40200
/Users/skandavyassrinivasan/Documents/Integral-Optimization-Branch-Learning-Research/data/instances/eval_facilities/facilities_093.lp,10100,10201,40200
/Users/skandavyassrinivasan/Documents/Integral-Optimization-Branch-Learning-Research/data/instances/eval_facilities/facilities_094.lp,10100,10201,40200
/Users/skandavyassrinivasan/Documents/Integral-Optimization-Branch-Learning-Research/data/instances/eval_facilities/facilities_095.lp,10100,10201,40200
/Users/skandavyassrinivasan/Documents/Integral-Optimization-Branch-Learning-Research/data/instances/eval_facilities/facilities_096.lp,10100,10201,40200
/Users/skandavyassrinivasan/Documents/Integral-Optimization-Branch-Learning-Research/data/instances/eval_facilities/facilities_097.lp,10100,10201,40200
/Users/skandavyassrinivasan/Documents/Integral-Optimization-Branch-Learning-Research/data/instances/eval_facilities/facilities_098.lp,10100,10201,40200
/Users/skandavyassrinivasan/Documents/Integral-Optimization-Branch-Learning-Research/data/instances/eval_facilities/facilities_099.lp,10100,10201,40200
/Users/skandavyassrinivasan/Documents/Integral-Optimization-Branch-Learning-Research/data/instances/eval_indset/indset_000.lp,500,1945,3908
/Users/skandavyassrinivasan/Documents/Integral-Optimization-Branch-Learning-Research/data/instances/eval_indset/indset_001.lp,500,1961,3933
/Users/skandavyassrinivasan/Documents/Integral-Optimization-Branch-Learning-Research/data/instances/eval_indset/indset_002.lp,500,1953,3921
/Users/skandavyassrinivasan/Documents/Integral-Optimization-Branch-Learning-Research/data/instances/eval_indset/indset_003.lp,500,1953,3920
/Users/skandavyassrinivasan/Documents/Integral-Optimization-Branch-Learning-Research/data/instances/eval_indset/indset_004.lp,500,1945,3909
/Users/skandavyassrinivasan/Documents/Integral-Optimization-Branch-Learning-Research/data/instances/eval_indset/indset_005.lp,500,1959,3929
/Users/skandavyassrinivasan/Documents/Integral-Optimization-Branch-Learning-Research/data/instances/eval_indset/indset_006.lp,500,1957,3926
/Users/skandavyassrinivasan/Documents/Integral-Optimization-Branch-Learning-Research/data/instances/eval_indset/indset_007.lp,500,1951,3917
/Users/skandavyassrinivasan/Documents/Integral-Optimization-Branch-Learning-Research/data/instances/eval_indset/indset_008.lp,500,1942,3904
/Users/skandavyassrinivasan/Documents/Integral-Optimization-Branch-Learning-Research/data/instances/eval_indset/indset_009.lp,500,1957,3927
/Users/skandavyassrinivasan/Documents/Integral-Optimization-Branch-Learning-Research/data/instances/eval_indset/indset_010.lp,500,1955,3923
/Users/skandavyassrinivasan/Documents/Integral-Optimization-Branch-Learning-Research/data/instances/eval_indset/indset_011.lp,500,1953,3921
/Users/skandavyassrinivasan/Documents/Integral-Optimization-Branch-Learning-Research/data/instances/eval_indset/indset_012.lp,500,1947,3911
/Users/skandavyassrinivasan/Documents/Integral-Optimization-Branch-Learning-Research/data/instances/eval_indset/indset_013.lp,500,1959,3929
/Users/skandavyassrinivasan/Documents/Integral-Optimization-Branch-Learning-Research/data/instances/eval_indset/indset_014.lp,500,1960,3931
/Users/skandavyassrinivasan/Documents/Integral-Optimization-Branch-Learning-Research/data/instances/eval_indset/indset_015.lp,500,1949,3914
/Users/skandavyassrinivasan/Documents/Integral-Optimization-Branch-Learning-Research/data/instances/eval_indset/indset_016.lp,500,1959,3930
/Users/skandavyassrinivasan/Documents/Integral-Optimization-Branch-Learning-Research/data/instances/eval_indset/indset_017.lp,500,1949,3915
/Users/skandavyassrinivasan/Documents/Integral-Optimization-Branch-Learning-Research/data/instances/eval_indset/indset_018.lp,500,1956,3925
/Users/skandavyassrinivasan/Documents/Integral-Optimization-Branch-Learning-Research/data/instances/eval_indset/indset_019.lp,500,1941,3903
/Users/skandavyassrinivasan/Documents/Integral-Optimization-Branch-Learning-Research/data/instances/eval_indset/indset_020.lp,500,1952,3919
/Users/skandavyassrinivasan/Documents/Integral-Optimization-Branch-Learning-Research/data/instances/eval_indset/indset_021.lp,500,1955,3924
/Users/skandavyassrinivasan/Documents/Integral-Optimization-Branch-Learning-Research/data/instances/eval_indset/indset_022.lp,500,1950,3916
/Users/skandavyassrinivasan/Documents/Integral-Optimization-Branch-Learning-Research/data/instances/eval_indset/indset_023.lp,500,1965,3939
/Users/skandavyassrinivasan/Documents/Integral-Optimization-Branch-Learning-Research/data/instances/eval_indset/indset_024.lp,500,1956,3925
/Users/skandavyassrinivasan/Documents/Integral-Optimization-Branch-Learning-Research/data/instances/eval_indset/indset_025.lp,500,1959,3930
/Users/skandavyassrinivasan/Documents/Integral-Optimization-Branch-Learning-Research/data/instances/eval_indset/indset_026.lp,500,1946,3909
/Users/skandavyassrinivasan/Documents/Integral-Optimization-Branch-Learning-Research/data/instances/eval_indset/indset_027.lp,500,1952,3919
/Users/skandavyassrinivasan/Documents/Integral-Optimization-Branch-Learning-Research/data/instances/eval_indset/indset_028.lp,500,1961,3933
/Users/skandavyassrinivasan/Documents/Integral-Optimization-Branch-Learning-Research/data/instances/eval_indset/indset_029.lp,500,1955,3923
/Users/skandavyassrinivasan/Documents/Integral-Optimization-Branch-Learning-Research/data/instances/eval_indset/indset_030.lp,500,1958,3928
/Users/skandavyassrinivasan/Documents/Integral-Optimization-Branch-Learning-Research/data/instances/eval_indset/indset_031.lp,500,1951,3918
/Users/skandavyassrinivasan/Documents/Integral-Optimization-Branch-Learning-Research/data/instances/eval_indset/indset_032.lp,500,1958,3928
/Users/skandavyassrinivasan/Documents/Integral-Optimization-Branch-Learning-Research/data/instances/eval_indset/indset_033.lp,500,1950,3916
/Users/skandavyassrinivasan/Documents/Integral-Optimization-Branch-Learning-Research/data/instances/eval_indset/indset_034.lp,500,1956,3925
/Users/skandavyassrinivasan/Documents/Integral-Optimization-Branch-Learning-Research/data/instances/eval_indset/indset_035.lp,500,1957,3927
/Users/skandavyassrinivasan/Documents/Integral-Optimization-Branch-Learning-Research/data/instances/eval_indset/indset_036.lp,500,1961,3933
/Users/skandavyassrinivasan/Documents/Integral-Optimization-Branch-Learning-Research/data/instances/eval_indset/indset_037.lp,500,1953,3920
/Users/skandavyassrinivasan/Documents/Integral-Optimization-Branch-Learning-Research/data/instances/eval_indset/indset_038.lp,500,1956,3925
/Users/skandavyassrinivasan/Documents/Integral-Optimization-Branch-Learning-Research/data/instances/eval_indset/indset_039.lp,500,1959,3929
/Users/skandavyassrinivasan/Documents/Integral-Optimization-Branch-Learning-Research/data/instances/eval_indset/indset_040.lp,500,1942,3904
/Users/skandavyassrinivasan/Documents/Integral-Optimization-Branch-Learning-Research/data/instances/eval_indset/indset_041.lp,500,1967,3942
/Users/skandavyassrinivasan/Documents/Integral-Optimization-Branch-Learning-Research/data/instances/eval_indset/indset_042.lp,500,1961,3933
/Users/skandavyassrinivasan/Documents/Integral-Optimization-Branch-Learning-Research/data/instances/eval_indset/indset_043.lp,500,1955,3923
/Users/skandavyassrinivasan/Documents/Integral-Optimization-Branch-Learning-Research/data/instances/eval_indset/indset_044.lp,500,1957,3927
/Users/skandavyassrinivasan/Documents/Integral-Optimization-Branch-Learning-Research/data/instances/eval_indset/indset_045.lp,500,1950,3916
/Users/skandavyassrinivasan/Documents/Integral-Optimization-Branch-Learning-Research/data/instances/eval_indset/indset_046.lp,500,1951,3917
/Users/skandavyassrinivasan/Documents/Integral-Optimization-Branch-Learning-Research/data/instances/eval_indset/indset_047.lp,500,1961,3933
/Users/skandavyassrinivasan/Documents/Integral-Optimization-Branch-Learning-Research/data/instances/eval_indset/indset_048.lp,500,1953,3921
/Users/skandavyassrinivasan/Documents/Integral-Optimization-Branch-Learning-Research/data/instances/eval_indset/indset_049.lp,500,1960,3931
/Users/skandavyassrinivasan/Documents/Integral-Optimization-Branch-Learning-Research/data/instances/eval_indset/indset_050.lp,500,1949,3914
/Users/skandavyassrinivasan/Documents/Integral-Optimization-Branch-Learning-Research/data/instances/eval_indset/indset_051.lp,500,1943,3906
/Users/skandavyassrinivasan/Documents/Integral-Optimization-Branch-Learning-Research/data/instances/eval_indset/indset_052.lp,500,1945,3908
/Users/skandavyassrinivasan/Documents/Integral-Optimization-Branch-Learning-Research/data/instances/eval_indset/indset_053.lp,500,1955,3924
/Users/skandavyassrinivasan/Documents/Integral-Optimization-Branch-Learning-Research/data/instances/eval_indset/indset_054.lp,500,1945,3908
/Users/skandavyassrinivasan/Documents/Integral-Optimization-Branch-Learning-Research/data/instances/eval_indset/indset_055.lp,500,1959,3930
/Users/skandavyassrinivasan/Documents/Integral-Optimization-Branch-Learning-Research/data/instances/eval_indset/indset_056.lp,500,1951,3917
/Users/skandavyassrinivasan/Documents/Integral-Optimization-Branch-Learning-Research/data/instances/eval_indset/indset_057.lp,500,1954,3922
/Users/skandavyassrinivasan/Documents/Integral-Optimization-Branch-Learning-Research/data/instances/eval_indset/indset_058.lp,500,1949,3914
/Users/skandavyassrinivasan/Documents/Integral-Optimization-Branch-Learning-Research/data/instances/eval_indset/indset_059.lp,500,1959,3930
/Users/skandavyassrinivasan/Documents/Integral-Optimization-Branch-Learning-Research/data/instances/eval_indset/indset_060.lp,500,1955,3924
/Users/skandavyassrinivasan/Documents/Integral-Optimization-Branch-Learning-Research/data/instances/eval_indset/indset_061.lp,500,1950,3915
/Users/skandavyassrinivasan/Documents/Integral-Optimization-Branch-Learning-Research/data/instances/eval_indset/indset_062.lp,500,1961,3932
/Users/skandavyassrinivasan/Documents/Integral-Optimization-Branch-Learning-Research/data/instances/eval_indset/indset_063.lp,500,1951,3918
/Users/skandavyassrinivasan/Documents/Integral-Optimization-Branch-Learning-Research/data/instances/eval_indset/indset_064.lp,500,1940,3900
/Users/skandavyassrinivasan/Documents/Integral-Optimization-Branch-Learning-Research/data/instances/eval_indset/indset_065.lp,500,1954,3922
/Users/skandavyassrinivasan/Documents/Integral-Optimization-Branch-Learning-Research/data/instances/eval_indset/indset_066.lp,500,1955,3924
/Users/skandavyassrinivasan/Documents/Integral-Optimization-Branch-Learning-Research/data/instances/eval_indset/indset_067.lp,500,1955,3924
/Users/skandavyassrinivasan/Documents/Integral-Optimization-Branch-Learning-Research/data/instances/eval_indset/indset_068.lp,500,1957,3926
/Users/skandavyassrinivasan/Documents/Integral-Optimization-Branch-Learning-Research/data/instances/eval_indset/indset_069.lp,500,1951,3918
/Users/skandavyassrinivasan/Documents/Integral-Optimization-Branch-Learning-Research/data/instances/eval_indset/indset_070.lp,500,1956,3925
/Users/skandavyassrinivasan/Documents/Integral-Optimization-Branch-Learning-Research/data/instances/eval_indset/indset_071.lp,500,1950,3916
/Users/skandavyassrinivasan/Documents/Integral-Optimization-Branch-Learning-Research/data/instances/eval_indset/indset_072.lp,500,1944,3907
/Users/skandavyassrinivasan/Documents/Integral-Optimization-Branch-Learning-Research/data/instances/eval_indset/indset_073.lp,500,1953,3921
/Users/skandavyassrinivasan/Documents/Integral-Optimization-Branch-Learning-Research/data/instances/eval_indset/indset_074.lp,500,1949,3915
/Users/skandavyassrinivasan/Documents/Integral-Optimization-Branch-Learning-Research/data/instances/eval_indset/indset_075.lp,500,1953,3921
/Users/skandavyassrinivasan/Documents/Integral-Optimization-Branch-Learning-Research/data/instances/eval_indset/indset_076.lp,500,1954,3922
/Users/skandavyassrinivasan/Documents/Integral-Optimization-Branch-Learning-Research/data/instances/eval_indset/indset_077.lp,500,1955,3924
/Users/skandavyassrinivasan/Documents/Integral-Optimization-Branch-Learning-Research/data/instances/eval_indset/indset_078.lp,500,1950,3916
/Users/skandavyassrinivasan/Documents/Integral-Optimization-Branch-Learning-Research/data/instances/eval_indset/indset_079.lp,500,1957,3927
/Users/skandavyassrinivasan/Documents/Integral-Optimization-Branch-Learning-Research/data/instances/eval_indset/indset_080.lp,500,1955,3924
/Users/skandavyassrinivasan/Documents/Integral-Optimization-Branch-Learning-Research/data/instances/eval_indset/indset_081.lp,500,1953,3921
/Users/skandavyassrinivasan/Documents/Integral-Optimization-Branch-Learning-Research/data/instances/eval_indset/indset_082.lp,500,1951,3918
/Users/skandavyassrinivasan/Documents/Integral-Optimization-Branch-Learning-Research/data/instances/eval_indset/indset_083.lp,500,1953,3920
/Users/skandavyassrinivasan/Documents/Integral-Optimization-Branch-Learning-Research/data/instances/eval_indset/indset_084.lp,500,1953,3921
/Users/skandavyassrinivasan/Documents/Integral-Optimization-Branch-Learning-Research/data/instances/eval_indset/indset_085.lp,500,1956,3925
/Users/skandavyassrinivasan/Documents/Integral-Optimization-Branch-Learning-Research/data/instances/eval_indset/indset_086.lp,500,1951,3917
/Users/skandavyassrinivasan/Documents/Integral-Optimization-Branch-Learning-Research/data/instances/eval_indset/indset_087.lp,500,1953,3921
/Users/skandavyassrinivasan/Documents/Integral-Optimization-Branch-Learning-Research/data/instances/eval_indset/indset_088.lp,500,1944,3907
/Users/skandavyassrinivasan/Documents/Integral-Optimization-Branch-Learning-Research/data/instances/eval_indset/indset_089.lp,500,1950,3916
/Users/skandavyassrinivasan/Documents/Integral-Optimization-Branch-Learning-Research/data/instances/eval_indset/indset_090.lp,500,1950,3916
/Users/skandavyassrinivasan/Documents/Integral-Optimization-Branch-Learning-Research/data/instances/eval_indset/indset_091.lp,500,1957,3927
/Users/skandavyassrinivasan/Documents/Integral-Optimization-Branch-Learning-Research/data/instances/eval_indset/indset_092.lp,500,1957,3927
/Users/skandavyassrinivasan/Documents/Integral-Optimization-Branch-Learning-Research/data/instances/eval_indset/indset_093.lp,500,1955,3923
/Users/skandavyassrinivasan/Documents/Integral-Optimization-Branch-Learning-Research/data/instances/eval_indset/indset_094.lp,500,1963,3936
/Users/skandavyassrinivasan/Documents/Integral-Optimization-Branch-Learning-Research/data/instances/eval_indset/indset_095.lp,500,1944,3907
/Users/skandavyassrinivasan/Documents/Integral-Optimization-Branch-Learning-Research/data/instances/eval_indset/indset_096.lp,500,1947,3911
/Users/skandavyassrinivasan/Documents/Integral-Optimization-Branch-Learning-Research/data/instances/eval_indset/indset_097.lp,500,1957,3927
/Users/skandavyassrinivasan/Documents/Integral-Optimization-Branch-Learning-Research/data/instances/eval_indset/indset_098.lp,500,1958,3929
/Users/skandavyassrinivasan/Documents/Integral-Optimization-Branch-Learning-Research/data/instances/eval_indset/indset_099.lp,500,1958,3928
/Users/skandavyassrinivasan/Documents/Integral-Optimization-Branch-Learning-Research/data/instances/eval_mknapsack/mknapsack_000.mps,201,6,1206
/Users/skandavyassrinivasan/Documents/Integral-Optimization-Branch-Learning-Research/data/instances/eval_mknapsack/mknapsack_001.mps,201,6,1206
/Users/skandavyassrinivasan/Documents/Integral-Optimization-Branch-Learning-Research/data/instances/eval_mknapsack/mknapsack_002.mps,319,9,2871
/Users/skandavyassrinivasan/Documents/Integral-Optimization-Branch-Learning-Research/data/instances/eval_mknapsack/mknapsack_003.mps,164,6,984
/Users/skandavyassrinivasan/Documents/Integral-Optimization-Branch-Learning-Research/data/instances/eval_mknapsack/mknapsack_004.mps,318,9,2862
/Users/skandavyassrinivasan/Documents/Integral-Optimization-Branch-Learning-Research/data/instances/eval_mknapsack/mknapsack_005.mps,238,5,1190
/Users/skandavyassrinivasan/Documents/Integral-Optimization-Branch-Learning-Research/data/instances/eval_mknapsack/mknapsack_006.mps,221,11,2431
/Users/skandavyassrinivasan/Documents/Integral-Optimization-Branch-Learning-Research/data/instances/eval_mknapsack/mknapsack_007.mps,300,11,3300
/Users/skandavyassrinivasan/Documents/Integral-Optimization-Branch-Learning-Research/data/instances/eval_mknapsack/mknapsack_008.mps,320,10,3200
/Users/skandavyassrinivasan/Documents/Integral-Optimization-Branch-Learning-Research/data/instances/eval_mknapsack/mknapsack_009.mps,173,6,1038
/Users/skandavyassrinivasan/Documents/Integral-Optimization-Branch-Learning-Research/data/instances/eval_mknapsack/mknapsack_010.mps,201,6,1206
/Users/skandavyassrinivasan/Documents/Integral-Optimization-Branch-Learning-Research/data/instances/eval_mknapsack/mknapsack_011.mps,319,9,2871
/Users/skandavyassrinivasan/Documents/Integral-Optimization-Branch-Learning-Research/data/instances/eval_mknapsack/mknapsack_012.mps,164,6,984
/Users/skandavyassrinivasan/Documents/Integral-Optimization-Branch-Learning-Research/data/instances/eval_mknapsack/mknapsack_013.mps,318,9,2862
/Users/skandavyassrinivasan/Documents/Integral-Optimization-Branch-Learning-Research/data/instances/eval_mknapsack/mknapsack_014.mps,238,5,1190
/Users/skandavyassrinivasan/Documents/Integral-Optimization-Branch-Learning-Research/data/instances/eval_mknapsack/mknapsack_015.mps,221,11,2431
/Users/skandavyassrinivasan/Documents/Integral-Optimization-Branch-Learning-Research/data/instances/eval_mknapsack/mknapsack_016.mps,300,11,3300
/Users/skandavyassrinivasan/Documents/Integral-Optimization-Branch-Learning-Research/data/instances/eval_mknapsack/mknapsack_017.mps,320,10,3200
/Users/skandavyassrinivasan/Documents/Integral-Optimization-Branch-Learning-Research/data/instances/eval_mknapsack/mknapsack_018.mps,173,6,1038
/Users/skandavyassrinivasan/Documents/Integral-Optimization-Branch-Learning-Research/data/instances/eval_mknapsack/mknapsack_019.mps,233,5,1165
/Users/skandavyassrinivasan/Documents/Integral-Optimization-Branch-Learning-Research/data/instances/eval_mknapsack/mknapsack_020.mps,180,9,1620
/Users/skandavyassrinivasan/Documents/Integral-Optimization-Branch-Learning-Research/data/instances/eval_mknapsack/mknapsack_021.mps,269,7,1883
/Users/skandavyassrinivasan/Documents/Integral-Optimization-Branch-Learning-Research/data/instances/eval_mknapsack/mknapsack_022.mps,209,11,2299
/Users/skandavyassrinivasan/Documents/Integral-Optimization-Branch-Learning-Research/data/instances/eval_mknapsack/mknapsack_023.mps,174,9,1566
/Users/skandavyassrinivasan/Documents/Integral-Optimization-Branch-Learning-Research/data/instances/eval_mknapsack/mknapsack_024.mps,164,5,820
/Users/skandavyassrinivasan/Documents/Integral-Optimization-Branch-Learning-Research/data/instances/eval_mknapsack/mknapsack_025.mps,289,12,3468
/Users/skandavyassrinivasan/Documents/Integral-Optimization-Branch-Learning-Research/data/instances/eval_mknapsack/mknapsack_026.mps,219,11,2409
/Users/skandavyassrinivasan/Documents/Integral-Optimization-Branch-Learning-Research/data/instances/eval_mknapsack/mknapsack_027.mps,300,7,2100
/Users/skandavyassrinivasan/Documents/Integral-Optimization-Branch-Learning-Research/data/instances/eval_mknapsack/mknapsack_028.mps,163,8,1304
/Users/skandavyassrinivasan/Documents/Integral-Optimization-Branch-Learning-Research/data/instances/eval_mknapsack/mknapsack_029.mps,243,12,2916
/Users/skandavyassrinivasan/Documents/Integral-Optimization-Branch-Learning-Research/data/instances/eval_mknapsack/mknapsack_030.mps,194,8,1552
/Users/skandavyassrinivasan/Documents/Integral-Optimization-Branch-Learning-Research/data/instances/eval_mknapsack/mknapsack_031.mps,254,6,1524
/Users/skandavyassrinivasan/Documents/Integral-Optimization-Branch-Learning-Research/data/instances/eval_mknapsack/mknapsack_032.mps,307,9,2763
/Users/skandavyassrinivasan/Documents/Integral-Optimization-Branch-Learning-Research/data/instances/eval_mknapsack/mknapsack_033.mps,243,5,1215
/Users/skandavyassrinivasan/Documents/Integral-Optimization-Branch-Learning-Research/data/instances/eval_mknapsack/mknapsack_034.mps,160,12,1920
/Users/skandavyassrinivasan/Documents/Integral-Optimization-Branch-Learning-Research/data/instances/eval_mknapsack/mknapsack_035.mps,225,9,2025
/Users/skandavyassrinivasan/Documents/Integral-Optimization-Branch-Learning-Research/data/instances/eval_mknapsack/mknapsack_036.mps,163,7,1141
/Users/skandavyassrinivasan/Documents/Integral-Optimization-Branch-Learning-Research/data/instances/eval_mknapsack/mknapsack_037.mps,240,9,2160
/Users/skandavyassrinivasan/Documents/Integral-Optimization-Branch-Learning-Research/data/instances/eval_mknapsack/mknapsack_038.mps,241,8,1928
/Users/skandavyassrinivasan/Documents/Integral-Optimization-Branch-Learning-Research/data/instances/eval_mknapsack/mknapsack_039.mps,286,11,3146
/Users/skandavyassrinivasan/Documents/Integral-Optimization-Branch-Learning-Research/data/instances/eval_mknapsack/mknapsack_040.mps,244,9,2196
/Users/skandavyassrinivasan/Documents/Integral-Optimization-Branch-Learning-Research/data/instances/eval_mknapsack/mknapsack_041.mps,316,5,1580
/Users/skandavyassrinivasan/Documents/Integral-Optimization-Branch-Learning-Research/data/instances/eval_mknapsack/mknapsack_042.mps,189,10,1890
/Users/skandavyassrinivasan/Documents/Integral-Optimization-Branch-Learning-Research/data/instances/eval_mknapsack/mknapsack_043.mps,202,10,2020
/Users/skandavyassrinivasan/Documents/Integral-Optimization-Branch-Learning-Research/data/instances/eval_mknapsack/mknapsack_044.mps,282,7,1974
/Users/skandavyassrinivasan/Documents/Integral-Optimization-Branch-Learning-Research/data/instances/eval_mknapsack/mknapsack_045.mps,274,9,2466
/Users/skandavyassrinivasan/Documents/Integral-Optimization-Branch-Learning-Research/data/instances/eval_mknapsack/mknapsack_046.mps,297,9,2673
/Users/skandavyassrinivasan/Documents/Integral-Optimization-Branch-Learning-Research/data/instances/eval_mknapsack/mknapsack_047.mps,275,9,2475
/Users/skandavyassrinivasan/Documents/Integral-Optimization-Branch-Learning-Research/data/instances/eval_mknapsack/mknapsack_048.mps,255,9,2295
/Users/skandavyassrinivasan/Documents/Integral-Optimization-Branch-Learning-Research/data/instances/eval_mknapsack/mknapsack_049.mps,297,7,2079
/Users/skandavyassrinivasan/Documents/Integral-Optimization-Branch-Learning-Research/data/instances/eval_mknapsack/mknapsack_050.mps,187,11,2057
/Users/skandavyassrinivasan/Documents/Integral-Optimization-Branch-Learning-Research/data/instances/eval_mknapsack/mknapsack_051.mps,315,7,2205
/Users/skandavyassrinivasan/Documents/Integral-Optimization-Branch-Learning-Research/data/instances/eval_mknapsack/mknapsack_052.mps,217,8,1736
/Users/skandavyassrinivasan/Documents/Integral-Optimization-Branch-Learning-Research/data/instances/eval_mknapsack/mknapsack_053.mps,186,12,2232
/Users/skandavyassrinivasan/Documents/Integral-Optimization-Branch-Learning-Research/data/instances/eval_mknapsack/mknapsack_054.mps,314,12,3768
/Users/skandavyassrinivasan/Documents/Integral-Optimization-Branch-Learning-Research/data/instances/eval_mknapsack/mknapsack_055.mps,177,11,1947
/Users/skandavyassrinivasan/Documents/Integral-Optimization-Branch-Learning-Research/data/instances/eval_mknapsack/mknapsack_056.mps,229,12,2748
/Users/skandavyassrinivasan/Documents/Integral-Optimization-Branch-Learning-Research/data/instances/eval_mknapsack/mknapsack_057.mps,227,6,1362
/Users/skandavyassrinivasan/Documents/Integral-Optimization-Branch-Learning-Research/data/instances/eval_mknapsack/mknapsack_058.mps,222,10,2220
/Users/skandavyassrinivasan/Documents/Integral-Optimization-Branch-Learning-Research/data/instances/eval_mknapsack/mknapsack_059.mps,163,10,1630
/Users/skandavyassrinivasan/Documents/Integral-Optimization-Branch-Learning-Research/data/instances/eval_mknapsack/mknapsack_060.mps,167,9,1503
/Users/skandavyassrinivasan/Documents/Integral-Optimization-Branch-Learning-Research/data/instances/eval_mknapsack/mknapsack_061.mps,239,7,1673
/Users/skandavyassrinivasan/Documents/Integral-Optimization-Branch-Learning-Research/data/instances/eval_mknapsack/mknapsack_062.mps,168,5,840
/Users/skandavyassrinivasan/Documents/Integral-Optimization-Branch-Learning-Research/data/instances/eval_mknapsack/mknapsack_063.mps,177,11,1947
/Users/skandavyassrinivasan/Documents/Integral-Optimization-Branch-Learning-Research/data/instances/eval_mknapsack/mknapsack_064.mps,230,12,2760
/Users/skandavyassrinivasan/Documents/Integral-Optimization-Branch-Learning-Research/data/instances/eval_mknapsack/mknapsack_065.mps,236,5,1180
/Users/skandavyassrinivasan/Documents/Integral-Optimization-Branch-Learning-Research/data/instances/eval_mknapsack/mknapsack_066.mps,269,6,1614
/Users/skandavyassrinivasan/Documents/Integral-Optimization-Branch-Learning-Research/data/instances/eval_mknapsack/mknapsack_067.mps,220,7,1540
/Users/skandavyassrinivasan/Documents/Integral-Optimization-Branch-Learning-Research/data/instances/eval_mknapsack/mknapsack_068.mps,169,9,1521
/Users/skandavyassrinivasan/Documents/Integral-Optimization-Branch-Learning-Research/data/instances/eval_mknapsack/mknapsack_069.mps,224,5,1120
/Users/skandavyassrinivasan/Documents/Integral-Optimization-Branch-Learning-Research/data/instances/eval_mknapsack/mknapsack_070.mps,175,7,1225
/Users/skandavyassrinivasan/Documents/Integral-Optimization-Branch-Learning-Research/data/instances/eval_mknapsack/mknapsack_071.mps,204,12,2448
/Users/skandavyassrinivasan/Documents/Integral-Optimization-Branch-Learning-Research/data/instances/eval_mknapsack/mknapsack_072.mps,249,11,2739
/Users/skandavyassrinivasan/Documents/Integral-Optimization-Branch-Learning-Research/data/instances/eval_mknapsack/mknapsack_073.mps,316,7,2212
/Users/skandavyassrinivasan/Documents/Integral-Optimization-Branch-Learning-Research/data/instances/eval_mknapsack/mknapsack_074.mps,201,9,1809
/Users/skandavyassrinivasan/Documents/Integral-Optimization-Branch-Learning-Research/data/instances/eval_mknapsack/mknapsack_075.mps,251,11,2761
/Users/skandavyassrinivasan/Documents/Integral-Optimization-Branch-Learning-Research/data/instances/eval_mknapsack/mknapsack_076.mps,319,5,1595
/Users/skandavyassrinivasan/Documents/Integral-Optimization-Branch-Learning-Research/data/instances/eval_mknapsack/mknapsack_077.mps,277,10,2770
/Users/skandavyassrinivasan/Documents/Integral-Optimization-Branch-Learning-Research/data/instances/eval_mknapsack/mknapsack_078.mps,220,10,2200
/Users/skandavyassrinivasan/Documents/Integral-Optimization-Branch-Learning-Research/data/instances/eval_mknapsack/mknapsack_079.mps,177,9,1593
/Users/skandavyassrinivasan/Documents/Integral-Optimization-Branch-Learning-Research/data/instances/eval_mknapsack/mknapsack_080.mps,210,8,1680
/Users/skandavyassrinivasan/Documents/Integral-Optimization-Branch-Learning-Research/data/instances/eval_mknapsack/mknapsack_081.mps,171,9,1539
/Users/skandavyassrinivasan/Documents/Integral-Optimization-Branch-Learning-Research/data/instances/eval_mknapsack/mknapsack_082.mps,303,5,1515
/Users/skandavyassrinivasan/Documents/Integral-Optimization-Branch-Learning-Research/data/instances/eval_mknapsack/mknapsack_083.mps,281,10,2810
/Users/skandavyassrinivasan/Documents/Integral-Optimization-Branch-Learning-Research/data/instances/eval_mknapsack/mknapsack_084.mps,309,7,2163
/Users/skandavyassrinivasan/Documents/Integral-Optimization-Branch-Learning-Research/data/instances/eval_mknapsack/mknapsack_085.mps,176,12,2112
/Users/skandavyassrinivasan/Documents/Integral-Optimization-Branch-Learning-Research/data/instances/eval_mknapsack/mknapsack_086.mps,281,10,2810
/Users/skandavyassrinivasan/Documents/Integral-Optimization-Branch-Learning-Research/data/instances/eval_mknapsack/mknapsack_087.mps,267,11,2937
/Users/skandavyassrinivasan/Documents/Integral-Optimization-Branch-Learning-Research/data/instances/eval_mknapsack/mknapsack_088.mps,235,10,2350
/Users/skandavyassrinivasan/Documents/Integral-Optimization-Branch-Learning-Research/data/instances/eval_mknapsack/mknapsack_089.mps,173,10,1730
/Users/skandavyassrinivasan/Documents/Integral-Optimization-Branch-Learning-Research/data/instances/eval_mknapsack/mknapsack_090.mps,193,11,2123
/Users/skandavyassrinivasan/Documents/Integral-Optimization-Branch-Learning-Research/data/instances/eval_mknapsack/mknapsack_091.mps,269,10,2690
/Users/skandavyassrinivasan/Documents/Integral-Optimization-Branch-Learning-Research/data/instances/eval_mknapsack/mknapsack_092.mps,305,8,2440
/Users/skandavyassrinivasan/Documents/Integral-Optimization-Branch-Learning-Research/data/instances/eval_mknapsack/mknapsack_093.mps,165,5,825
/Users/skandavyassrinivasan/Documents/Integral-Optimization-Branch-Learning-Research/data/instances/eval_mknapsack/mknapsack_094.mps,215,7,1505
/Users/skandavyassrinivasan/Documents/Integral-Optimization-Branch-Learning-Research/data/instances/eval_mknapsack/mknapsack_095.mps,177,8,1416
/Users/skandavyassrinivasan/Documents/Integral-Optimization-Branch-Learning-Research/data/instances/eval_mknapsack/mknapsack_096.mps,241,11,2651
/Users/skandavyassrinivasan/Documents/Integral-Optimization-Branch-Learning-Research/data/instances/eval_mknapsack/mknapsack_097.mps,170,12,2040
/Users/skandavyassrinivasan/Documents/Integral-Optimization-Branch-Learning-Research/data/instances/eval_mknapsack/mknapsack_098.mps,284,7,1988
/Users/skandavyassrinivasan/Documents/Integral-Optimization-Branch-Learning-Research/data/instances/eval_mknapsack/mknapsack_099.mps,209,11,2299
/Users/skandavyassrinivasan/Documents/Integral-Optimization-Branch-Learning-Research/data/instances/eval_setcover/setcover_000.lp,1000,500,25000
/Users/skandavyassrinivasan/Documents/Integral-Optimization-Branch-Learning-Research/data/instances/eval_setcover/setcover_001.lp,1000,500,25000
/Users/skandavyassrinivasan/Documents/Integral-Optimization-Branch-Learning-Research/data/instances/eval_setcover/setcover_002.lp,1000,500,25000
/Users/skandavyassrinivasan/Documents/Integral-Optimization-Branch-Learning-Research/data/instances/eval_setcover/setcover_003.lp,1000,500,25000
/Users/skandavyassrinivasan/Documents/Integral-Optimization-Branch-Learning-Research/data/instances/eval_setcover/setcover_004.lp,1000,500,25000
/Users/skandavyassrinivasan/Documents/Integral-Optimization-Branch-Learning-Research/data/instances/eval_setcover/setcover_005.lp,1000,500,25000
/Users/skandavyassrinivasan/Documents/Integral-Optimization-Branch-Learning-Research/data/instances/eval_setcover/setcover_006.lp,1000,500,25000
/Users/skandavyassrinivasan/Documents/Integral-Optimization-Branch-Learning-Research/data/instances/eval_setcover/setcover_007.lp,1000,500,25000
/Users/skandavyassrinivasan/Documents/Integral-Optimization-Branch-Learning-Research/data/instances/eval_setcover/setcover_008.lp,1000,500,25000
/Users/skandavyassrinivasan/Documents/Integral-Optimization-Branch-Learning-Research/data/instances/eval_setcover/setcover_009.lp,1000,500,25000
/Users/skandavyassrinivasan/Documents/Integral-Optimization-Branch-Learning-Research/data/instances/eval_setcover/setcover_010.lp,1000,500,25000
/Users/skandavyassrinivasan/Documents/Integral-Optimization-Branch-Learning-Research/data/instances/eval_setcover/setcover_011.lp,1000,500,25000
/Users/skandavyassrinivasan/Documents/Integral-Optimization-Branch-Learning-Research/data/instances/eval_setcover/setcover_012.lp,1000,500,25000
/Users/skandavyassrinivasan/Documents/Integral-Optimization-Branch-Learning-Research/data/instances/eval_setcover/setcover_013.lp,1000,500,25000
/Users/skandavyassrinivasan/Documents/Integral-Optimization-Branch-Learning-Research/data/instances/eval_setcover/setcover_014.lp,1000,500,25000
/Users/skandavyassrinivasan/Documents/Integral-Optimization-Branch-Learning-Research/data/instances/eval_setcover/setcover_015.lp,1000,500,25000
/Users/skandavyassrinivasan/Documents/Integral-Optimization-Branch-Learning-Research/data/instances/eval_setcover/setcover_016.lp,1000,500,25000
/Users/skandavyassrinivasan/Documents/Integral-Optimization-Branch-Learning-Research/data/instances/eval_setcover/setcover_017.lp,1000,500,25000
/Users/skandavyassrinivasan/Documents/Integral-Optimization-Branch-Learning-Research/data/instances/eval_setcover/setcover_018.lp,1000,500,25000
/Users/skandavyassrinivasan/Documents/Integral-Optimization-Branch-Learning-Research/data/instances/eval_setcover/setcover_019.lp,1000,500,25000
/Users/skandavyassrinivasan/Documents/Integral-Optimization-Branch-Learning-Research/data/instances/eval_setcover/setcover_020.lp,1000,500,25000
/Users/skandavyassrinivasan/Documents/Integral-Optimization-Branch-Learning-Research/data/instances/eval_setcover/setcover_021.lp,1000,500,25000
/Users/skandavyassrinivasan/Documents/Integral-Optimization-Branch-Learning-Research/data/instances/eval_setcover/setcover_022.lp,1000,500,25000
/Users/skandavyassrinivasan/Documents/Integral-Optimization-Branch-Learning-Research/data/instances/eval_setcover/setcover_023.lp,1000,500,25000
/Users/skandavyassrinivasan/Documents/Integral-Optimization-Branch-Learning-Research/data/instances/eval_setcover/setcover_024.lp,1000,500,25000
/Users/skandavyassrinivasan/Documents/Integral-Optimization-Branch-Learning-Research/data/instances/eval_setcover/setcover_025.lp,1000,500,25000
/Users/skandavyassrinivasan/Documents/Integral-Optimization-Branch-Learning-Research/data/instances/eval_setcover/setcover_026.lp,1000,500,25000
/Users/skandavyassrinivasan/Documents/Integral-Optimization-Branch-Learning-Research/data/instances/eval_setcover/setcover_027.lp,1000,500,25000
/Users/skandavyassrinivasan/Documents/Integral-Optimization-Branch-Learning-Research/data/instances/eval_setcover/setcover_028.lp,1000,500,25000
/Users/skandavyassrinivasan/Documents/Integral-Optimization-Branch-Learning-Research/data/instances/eval_setcover/setcover_029.lp,1000,500,25000
/Users/skandavyassrinivasan/Documents/Integral-Optimization-Branch-Learning-Research/data/instances/eval_setcover/setcover_030.lp,1000,500,25000
/Users/skandavyassrinivasan/Documents/Integral-Optimization-Branch-Learning-Research/data/instances/eval_setcover/setcover_031.lp,1000,500,25000
/Users/skandavyassrinivasan/Documents/Integral-Optimization-Branch-Learning-Research/data/instances/eval_setcover/setcover_032.lp,1000,500,25000
/Users/skandavyassrinivasan/Documents/Integral-Optimization-Branch-Learning-Research/data/instances/eval_setcover/setcover_033.lp,1000,500,25000
/Users/skandavyassrinivasan/Documents/Integral-Optimization-Branch-Learning-Research/data/instances/eval_setcover/setcover_034.lp,1000,500,25000
/Users/skandavyassrinivasan/Documents/Integral-Optimization-Branch-Learning-Research/data/instances/eval_setcover/setcover_035.lp,1000,500,25000
/Users/skandavyassrinivasan/Documents/Integral-Optimization-Branch-Learning-Research/data/instances/eval_setcover/setcover_036.lp,1000,500,25000
/Users/skandavyassrinivasan/Documents/Integral-Optimization-Branch-Learning-Research/data/instances/eval_setcover/setcover_037.lp,1000,500,25000
/Users/skandavyassrinivasan/Documents/Integral-Optimization-Branch-Learning-Research/data/instances/eval_setcover/setcover_038.lp,1000,500,25000
/Users/skandavyassrinivasan/Documents/Integral-Optimization-Branch-Learning-Research/data/instances/eval_setcover/setcover_039.lp,1000,500,25000
/Users/skandavyassrinivasan/Documents/Integral-Optimization-Branch-Learning-Research/data/instances/eval_setcover/setcover_040.lp,1000,500,25000
/Users/skandavyassrinivasan/Documents/Integral-Optimization-Branch-Learning-Research/data/instances/eval_setcover/setcover_041.lp,1000,500,25000
/Users/skandavyassrinivasan/Documents/Integral-Optimization-Branch-Learning-Research/data/instances/eval_setcover/setcover_042.lp,1000,500,25000
/Users/skandavyassrinivasan/Documents/Integral-Optimization-Branch-Learning-Research/data/instances/eval_setcover/setcover_043.lp,1000,500,25000
/Users/skandavyassrinivasan/Documents/Integral-Optimization-Branch-Learning-Research/data/instances/eval_setcover/setcover_044.lp,1000,500,25000
/Users/skandavyassrinivasan/Documents/Integral-Optimization-Branch-Learning-Research/data/instances/eval_setcover/setcover_045.lp,1000,500,25000
/Users/skandavyassrinivasan/Documents/Integral-Optimization-Branch-Learning-Research/data/instances/eval_setcover/setcover_046.lp,1000,500,25000
/Users/skandavyassrinivasan/Documents/Integral-Optimization-Branch-Learning-Research/data/instances/eval_setcover/setcover_047.lp,1000,500,25000
/Users/skandavyassrinivasan/Documents/Integral-Optimization-Branch-Learning-Research/data/instances/eval_setcover/setcover_048.lp,1000,500,25000
/Users/skandavyassrinivasan/Documents/Integral-Optimization-Branch-Learning-Research/data/instances/eval_setcover/setcover_049.lp,1000,500,25000
/Users/skandavyassrinivasan/Documents/Integral-Optimization-Branch-Learning-Research/data/instances/eval_setcover/setcover_050.lp,1000,500,25000
/Users/skandavyassrinivasan/Documents/Integral-Optimization-Branch-Learning-Research/data/instances/eval_setcover/setcover_051.lp,1000,500,25000
/Users/skandavyassrinivasan/Documents/Integral-Optimization-Branch-Learning-Research/data/instances/eval_setcover/setcover_052.lp,1000,500,25000
/Users/skandavyassrinivasan/Documents/Integral-Optimization-Branch-Learning-Research/data/instances/eval_setcover/setcover_053.lp,1000,500,25000
/Users/skandavyassrinivasan/Documents/Integral-Optimization-Branch-Learning-Research/data/instances/eval_setcover/setcover_054.lp,1000,500,25000
/Users/skandavyassrinivasan/Documents/Integral-Optimization-Branch-Learning-Research/data/instances/eval_setcover/setcover_055.lp,1000,500,25000
/Users/skandavyassrinivasan/Documents/Integral-Optimization-Branch-Learning-Research/data/instances/eval_setcover/setcover_056.lp,1000,500,25000
/Users/skandavyassrinivasan/Documents/Integral-Optimization-Branch-Learning-Research/data/instances/eval_setcover/setcover_057.lp,1000,500,25000
/Users/skandavyassrinivasan/Documents/Integral-Optimization-Branch-Learning-Research/data/instances/eval_setcover/setcover_058.lp,1000,500,25000
/Users/skandavyassrinivasan/Documents/Integral-Optimization-Branch-Learning-Research/data/instances/eval_setcover/setcover_059.lp,1000,500,25000
/Users/skandavyassrinivasan/Documents/Integral-Optimization-Branch-Learning-Research/data/instances/eval_setcover/setcover_060.lp,1000,500,25000
/Users/skandavyassrinivasan/Documents/Integral-Optimization-Branch-Learning-Research/data/instances/eval_setcover/setcover_061.lp,1000,500,25000
/Users/skandavyassrinivasan/Documents/Integral-Optimization-Branch-Learning-Research/data/instances/eval_setcover/setcover_062.lp,1000,500,25000
/Users/skandavyassrinivasan/Documents/Integral-Optimization-Branch-Learning-Research/data/instances/eval_setcover/setcover_063.lp,1000,500,25000
/Users/skandavyassrinivasan/Documents/Integral-Optimization-Branch-Learning-Research/data/instances/eval_setcover/setcover_064.lp,1000,500,25000
/Users/skandavyassrinivasan/Documents/Integral-Optimization-Branch-Learning-Research/data/instances/eval_setcover/setcover_065.lp,1000,500,25000
/Users/skandavyassrinivasan/Documents/Integral-Optimization-Branch-Learning-Research/data/instances/eval_setcover/setcover_066.lp,1000,500,25000
/Users/skandavyassrinivasan/Documents/Integral-Optimization-Branch-Learning-Research/data/instances/eval_setcover/setcover_067.lp,1000,500,25000
/Users/skandavyassrinivasan/Documents/Integral-Optimization-Branch-Learning-Research/data/instances/eval_setcover/setcover_068.lp,1000,500,25000
/Users/skandavyassrinivasan/Documents/Integral-Optimization-Branch-Learning-Research/data/instances/eval_setcover/setcover_069.lp,1000,500,25000
/Users/skandavyassrinivasan/Documents/Integral-Optimization-Branch-Learning-Research/data/instances/eval_setcover/setcover_070.lp,1000,500,25000
/Users/skandavyassrinivasan/Documents/Integral-Optimization-Branch-Learning-Research/data/instances/eval_setcover/setcover_071.lp,1000,500,25000
/Users/skandavyassrinivasan/Documents/Integral-Optimization-Branch-Learning-Research/data/instances/eval_setcover/setcover_072.lp,1000,500,25000
/Users/skandavyassrinivasan/Documents/Integral-Optimization-Branch-Learning-Research/data/instances/eval_setcover/setcover_073.lp,1000,500,25000
/Users/skandavyassrinivasan/Documents/Integral-Optimization-Branch-Learning-Research/data/instances/eval_setcover/setcover_074.lp,1000,500,25000
/Users/skandavyassrinivasan/Documents/Integral-Optimization-Branch-Learning-Research/data/instances/eval_setcover/setcover_075.lp,1000,500,25000
/Users/skandavyassrinivasan/Documents/Integral-Optimization-Branch-Learning-Research/data/instances/eval_setcover/setcover_076.lp,1000,500,25000
/Users/skandavyassrinivasan/Documents/Integral-Optimization-Branch-Learning-Research/data/instances/eval_setcover/setcover_077.lp,1000,500,25000
/Users/skandavyassrinivasan/Documents/Integral-Optimization-Branch-Learning-Research/data/instances/eval_setcover/setcover_078.lp,1000,500,25000
/Users/skandavyassrinivasan/Documents/Integral-Optimization-Branch-Learning-Research/data/instances/eval_setcover/setcover_079.lp,1000,500,25000
/Users/skandavyassrinivasan/Documents/Integral-Optimization-Branch-Learning-Research/data/instances/eval_setcover/setcover_080.lp,1000,500,25000
/Users/skandavyassrinivasan/Documents/Integral-Optimization-Branch-Learning-Research/data/instances/eval_setcover/setcover_081.lp,1000,500,25000
/Users/skandavyassrinivasan/Documents/Integral-Optimization-Branch-Learning-Research/data/instances/eval_setcover/setcover_082.lp,1000,500,25000
/Users/skandavyassrinivasan/Documents/Integral-Optimization-Branch-Learning-Research/data/instances/eval_setcover/setcover_083.lp,1000,500,25000
/Users/skandavyassrinivasan/Documents/Integral-Optimization-Branch-Learning-Research/data/instances/eval_setcover/setcover_084.lp,1000,500,25000
/Users/skandavyassrinivasan/Documents/Integral-Optimization-Branch-Learning-Research/data/instances/eval_setcover/setcover_085.lp,1000,500,25000
/Users/skandavyassrinivasan/Documents/Integral-Optimization-Branch-Learning-Research/data/instances/eval_setcover/setcover_086.lp,1000,500,25000
/Users/skandavyassrinivasan/Documents/Integral-Optimization-Branch-Learning-Research/data/instances/eval_setcover/setcover_087.lp,1000,500,25000
/Users/skandavyassrinivasan/Documents/Integral-Optimization-Branch-Learning-Research/data/instances/eval_setcover/setcover_088.lp,1000,500,25000
/Users/skandavyassrinivasan/Documents/Integral-Optimization-Branch-Learning-Research/data/instances/eval_setcover/setcover_089.lp,1000,500,25000
/Users/skandavyassrinivasan/Documents/Integral-Optimization-Branch-Learning-Research/data/instances/eval_setcover/setcover_090.lp,1000,500,25000
/Users/skandavyassrinivasan/Documents/Integral-Optimization-Branch-Learning-Research/data/instances/eval_setcover/setcover_091.lp,1000,500,25000
/Users/skandavyassrinivasan/Documents/Integral-Optimization-Branch-Learning-Research/data/instances/eval_setcover/setcover_092.lp,1000,500,25000
/Users/skandavyassrinivasan/Documents/Integral-Optimization-Branch-Learning-Research/data/instances/eval_setcover/setcover_093.lp,1000,500,25000
/Users/skandavyassrinivasan/Documents/Integral-Optimization-Branch-Learning-Research/data/instances/eval_setcover/setcover_094.lp,1000,500,25000
/Users/skandavyassrinivasan/Documents/Integral-Optimization-Branch-Learning-Research/data/instances/eval_setcover/setcover_095.lp,1000,500,25000
/Users/skandavyassrinivasan/Documents/Integral-Optimization-Branch-Learning-Research/data/instances/eval_setcover/setcover_096.lp,1000,500,25000
/Users/skandavyassrinivasan/Documents/Integral-Optimization-Branch-Learning-Research/data/instances/eval_setcover/setcover_097.lp,1000,500,25000
/Users/skandavyassrinivasan/Documents/Integral-Optimization-Branch-Learning-Research/data/instances/eval_setcover/setcover_098.lp,1000,500,25000
/Users/skandavyassrinivasan/Documents/Integral-Optimization-Branch-Learning-Research/data/instances/eval_setcover/setcover_099.lp,1000,500,25000
/Users/skandavyassrinivasan/Documents/Integral-Optimization-Branch-Learning-Research/data/instances/reference_setcover/setcover_reference_000.lp,1000,500,25000
/Users/skandavyassrinivasan/Documents/Integral-Optimization-Branch-Learning-Research/data/instances/reference_setcover/setcover_reference_001.lp,1000,500,25000
/Users/skandavyassrinivasan/Documents/Integral-Optimization-Branch-Learning-Research/data/instances/reference_setcover/setcover_reference_002.lp,1000,500,25000
/Users/skandavyassrinivasan/Documents/Integral-Optimization-Branch-Learning-Research/data/instances/reference_setcover/setcover_reference_003.lp,1000,500,25000
/Users/skandavyassrinivasan/Documents/Integral-Optimization-Branch-Learning-Research/data/instances/reference_setcover/setcover_reference_004.lp,1000,500,25000
/Users/skandavyassrinivasan/Documents/Integral-Optimization-Branch-Learning-Research/data/instances/reference_setcover/setcover_reference_005.lp,1000,500,25000
/Users/skandavyassrinivasan/Documents/Integral-Optimization-Branch-Learning-Research/data/instances/reference_setcover/setcover_reference_006.lp,1000,500,25000
/Users/skandavyassrinivasan/Documents/Integral-Optimization-Branch-Learning-Research/data/instances/reference_setcover/setcover_reference_007.lp,1000,500,25000
/Users/skandavyassrinivasan/Documents/Integral-Optimization-Branch-Learning-Research/data/instances/reference_setcover/setcover_reference_008.lp,1000,500,25000
/Users/skandavyassrinivasan/Documents/Integral-Optimization-Branch-Learning-Research/data/instances/reference_setcover/setcover_reference_009.lp,1000,500,25000
/Users/skandavyassrinivasan/Documents/Integral-Optimization-Branch-Learning-Research/data/instances/reference_setcover/setcover_reference_010.lp,1000,500,25000
/Users/skandavyassrinivasan/Documents/Integral-Optimization-Branch-Learning-Research/data/instances/reference_setcover/setcover_reference_011.lp,1000,500,25000
/Users/skandavyassrinivasan/Documents/Integral-Optimization-Branch-Learning-Research/data/instances/reference_setcover/setcover_reference_012.lp,1000,500,25000
/Users/skandavyassrinivasan/Documents/Integral-Optimization-Branch-Learning-Research/data/instances/reference_setcover/setcover_reference_013.lp,1000,500,25000
/Users/skandavyassrinivasan/Documents/Integral-Optimization-Branch-Learning-Research/data/instances/reference_setcover/setcover_reference_014.lp,1000,500,25000
/Users/skandavyassrinivasan/Documents/Integral-Optimization-Branch-Learning-Research/data/instances/reference_setcover/setcover_reference_015.lp,1000,500,25000
/Users/skandavyassrinivasan/Documents/Integral-Optimization-Branch-Learning-Research/data/instances/reference_setcover/setcover_reference_016.lp,1000,500,25000
/Users/skandavyassrinivasan/Documents/Integral-Optimization-Branch-Learning-Research/data/instances/reference_setcover/setcover_reference_017.lp,1000,500,25000
/Users/skandavyassrinivasan/Documents/Integral-Optimization-Branch-Learning-Research/data/instances/reference_setcover/setcover_reference_018.lp,1000,500,25000
/Users/skandavyassrinivasan/Documents/Integral-Optimization-Branch-Learning-Research/data/instances/reference_setcover/setcover_reference_019.lp,1000,500,25000
/Users/skandavyassrinivasan/Documents/Integral-Optimization-Branch-Learning-Research/data/instances/reference_setcover/setcover_reference_020.lp,1000,500,25000
/Users/skandavyassrinivasan/Documents/Integral-Optimization-Branch-Learning-Research/data/instances/reference_setcover/setcover_reference_021.lp,1000,500,25000
/Users/skandavyassrinivasan/Documents/Integral-Optimization-Branch-Learning-Research/data/instances/reference_setcover/setcover_reference_022.lp,1000,500,25000
/Users/skandavyassrinivasan/Documents/Integral-Optimization-Branch-Learning-Research/data/instances/reference_setcover/setcover_reference_023.lp,1000,500,25000
/Users/skandavyassrinivasan/Documents/Integral-Optimization-Branch-Learning-Research/data/instances/reference_setcover/setcover_reference_024.lp,1000,500,25000
/Users/skandavyassrinivasan/Documents/Integral-Optimization-Branch-Learning-Research/data/instances/reference_setcover/setcover_reference_025.lp,1000,500,25000
/Users/skandavyassrinivasan/Documents/Integral-Optimization-Branch-Learning-Research/data/instances/reference_setcover/setcover_reference_026.lp,1000,500,25000
/Users/skandavyassrinivasan/Documents/Integral-Optimization-Branch-Learning-Research/data/instances/reference_setcover/setcover_reference_027.lp,1000,500,25000
/Users/skandavyassrinivasan/Documents/Integral-Optimization-Branch-Learning-Research/data/instances/reference_setcover/setcover_reference_028.lp,1000,500,25000
/Users/skandavyassrinivasan/Documents/Integral-Optimization-Branch-Learning-Research/data/instances/reference_setcover/setcover_reference_029.lp,1000,500,25000
/Users/skandavyassrinivasan/Documents/Integral-Optimization-Branch-Learning-Research/data/instances/reference_setcover/setcover_reference_030.lp,1000,500,25000
/Users/skandavyassrinivasan/Documents/Integral-Optimization-Branch-Learning-Research/data/instances/reference_setcover/setcover_reference_031.lp,1000,500,25000
/Users/skandavyassrinivasan/Documents/Integral-Optimization-Branch-Learning-Research/data/instances/reference_setcover/setcover_reference_032.lp,1000,500,25000
/Users/skandavyassrinivasan/Documents/Integral-Optimization-Branch-Learning-Research/data/instances/reference_setcover/setcover_reference_033.lp,1000,500,25000
/Users/skandavyassrinivasan/Documents/Integral-Optimization-Branch-Learning-Research/data/instances/reference_setcover/setcover_reference_034.lp,1000,500,25000
/Users/skandavyassrinivasan/Documents/Integral-Optimization-Branch-Learning-Research/data/instances/reference_setcover/setcover_reference_035.lp,1000,500,25000
/Users/skandavyassrinivasan/Documents/Integral-Optimization-Branch-Learning-Research/data/instances/reference_setcover/setcover_reference_036.lp,1000,500,25000
/Users/skandavyassrinivasan/Documents/Integral-Optimization-Branch-Learning-Research/data/instances/reference_setcover/setcover_reference_037.lp,1000,500,25000
/Users/skandavyassrinivasan/Documents/Integral-Optimization-Branch-Learning-Research/data/instances/reference_setcover/setcover_reference_038.lp,1000,500,25000
/Users/skandavyassrinivasan/Documents/Integral-Optimization-Branch-Learning-Research/data/instances/reference_setcover/setcover_reference_039.lp,1000,500,25000
/Users/skandavyassrinivasan/Documents/Integral-Optimization-Branch-Learning-Research/data/instances/reference_setcover/setcover_reference_040.lp,1000,500,25000
/Users/skandavyassrinivasan/Documents/Integral-Optimization-Branch-Learning-Research/data/instances/reference_setcover/setcover_reference_041.lp,1000,500,25000
/Users/skandavyassrinivasan/Documents/Integral-Optimization-Branch-Learning-Research/data/instances/reference_setcover/setcover_reference_042.lp,1000,500,25000
/Users/skandavyassrinivasan/Documents/Integral-Optimization-Branch-Learning-Research/data/instances/reference_setcover/setcover_reference_043.lp,1000,500,25000
/Users/skandavyassrinivasan/Documents/Integral-Optimization-Branch-Learning-Research/data/instances/reference_setcover/setcover_reference_044.lp,1000,500,25000
/Users/skandavyassrinivasan/Documents/Integral-Optimization-Branch-Learning-Research/data/instances/reference_setcover/setcover_reference_045.lp,1000,500,25000
/Users/skandavyassrinivasan/Documents/Integral-Optimization-Branch-Learning-Research/data/instances/reference_setcover/setcover_reference_046.lp,1000,500,25000
/Users/skandavyassrinivasan/Documents/Integral-Optimization-Branch-Learning-Research/data/instances/reference_setcover/setcover_reference_047.lp,1000,500,25000
/Users/skandavyassrinivasan/Documents/Integral-Optimization-Branch-Learning-Research/data/instances/reference_setcover/setcover_reference_048.lp,1000,500,25000
/Users/skandavyassrinivasan/Documents/Integral-Optimization-Branch-Learning-Research/data/instances/reference_setcover/setcover_reference_049.lp,1000,500,25000
/Users/skandavyassrinivasan/Documents/Integral-Optimization-Branch-Learning-Research/data/instances/reference_setcover/setcover_reference_050.lp,1000,500,25000
/Users/skandavyassrinivasan/Documents/Integral-Optimization-Branch-Learning-Research/data/instances/reference_setcover/setcover_reference_051.lp,1000,500,25000
/Users/skandavyassrinivasan/Documents/Integral-Optimization-Branch-Learning-Research/data/instances/reference_setcover/setcover_reference_052.lp,1000,500,25000
/Users/skandavyassrinivasan/Documents/Integral-Optimization-Branch-Learning-Research/data/instances/reference_setcover/setcover_reference_053.lp,1000,500,25000
/Users/skandavyassrinivasan/Documents/Integral-Optimization-Branch-Learning-Research/data/instances/reference_setcover/setcover_reference_054.lp,1000,500,25000
/Users/skandavyassrinivasan/Documents/Integral-Optimization-Branch-Learning-Research/data/instances/reference_setcover/setcover_reference_055.lp,1000,500,25000
/Users/skandavyassrinivasan/Documents/Integral-Optimization-Branch-Learning-Research/data/instances/reference_setcover/setcover_reference_056.lp,1000,500,25000
/Users/skandavyassrinivasan/Documents/Integral-Optimization-Branch-Learning-Research/data/instances/reference_setcover/setcover_reference_057.lp,1000,500,25000
/Users/skandavyassrinivasan/Documents/Integral-Optimization-Branch-Learning-Research/data/instances/reference_setcover/setcover_reference_058.lp,1000,500,25000
/Users/skandavyassrinivasan/Documents/Integral-Optimization-Branch-Learning-Research/data/instances/reference_setcover/setcover_reference_059.lp,1000,500,25000
/Users/skandavyassrinivasan/Documents/Integral-Optimization-Branch-Learning-Research/data/instances/reference_setcover/setcover_reference_060.lp,1000,500,25000
/Users/skandavyassrinivasan/Documents/Integral-Optimization-Branch-Learning-Research/data/instances/reference_setcover/setcover_reference_061.lp,1000,500,25000
/Users/skandavyassrinivasan/Documents/Integral-Optimization-Branch-Learning-Research/data/instances/reference_setcover/setcover_reference_062.lp,1000,500,25000
/Users/skandavyassrinivasan/Documents/Integral-Optimization-Branch-Learning-Research/data/instances/reference_setcover/setcover_reference_063.lp,1000,500,25000
/Users/skandavyassrinivasan/Documents/Integral-Optimization-Branch-Learning-Research/data/instances/reference_setcover/setcover_reference_064.lp,1000,500,25000
/Users/skandavyassrinivasan/Documents/Integral-Optimization-Branch-Learning-Research/data/instances/reference_setcover/setcover_reference_065.lp,1000,500,25000
/Users/skandavyassrinivasan/Documents/Integral-Optimization-Branch-Learning-Research/data/instances/reference_setcover/setcover_reference_066.lp,1000,500,25000
/Users/skandavyassrinivasan/Documents/Integral-Optimization-Branch-Learning-Research/data/instances/reference_setcover/setcover_reference_067.lp,1000,500,25000
/Users/skandavyassrinivasan/Documents/Integral-Optimization-Branch-Learning-Research/data/instances/reference_setcover/setcover_reference_068.lp,1000,500,25000
/Users/skandavyassrinivasan/Documents/Integral-Optimization-Branch-Learning-Research/data/instances/reference_setcover/setcover_reference_069.lp,1000,500,25000
/Users/skandavyassrinivasan/Documents/Integral-Optimization-Branch-Learning-Research/data/instances/reference_setcover/setcover_reference_070.lp,1000,500,25000
/Users/skandavyassrinivasan/Documents/Integral-Optimization-Branch-Learning-Research/data/instances/reference_setcover/setcover_reference_071.lp,1000,500,25000
/Users/skandavyassrinivasan/Documents/Integral-Optimization-Branch-Learning-Research/data/instances/reference_setcover/setcover_reference_072.lp,1000,500,25000
/Users/skandavyassrinivasan/Documents/Integral-Optimization-Branch-Learning-Research/data/instances/reference_setcover/setcover_reference_073.lp,1000,500,25000
/Users/skandavyassrinivasan/Documents/Integral-Optimization-Branch-Learning-Research/data/instances/reference_setcover/setcover_reference_074.lp,1000,500,25000
/Users/skandavyassrinivasan/Documents/Integral-Optimization-Branch-Learning-Research/data/instances/reference_setcover/setcover_reference_075.lp,1000,500,25000
/Users/skandavyassrinivasan/Documents/Integral-Optimization-Branch-Learning-Research/data/instances/reference_setcover/setcover_reference_076.lp,1000,500,25000
/Users/skandavyassrinivasan/Documents/Integral-Optimization-Branch-Learning-Research/data/instances/reference_setcover/setcover_reference_077.lp,1000,500,25000
/Users/skandavyassrinivasan/Documents/Integral-Optimization-Branch-Learning-Research/data/instances/reference_setcover/setcover_reference_078.lp,1000,500,25000
/Users/skandavyassrinivasan/Documents/Integral-Optimization-Branch-Learning-Research/data/instances/reference_setcover/setcover_reference_079.lp,1000,500,25000
/Users/skandavyassrinivasan/Documents/Integral-Optimization-Branch-Learning-Research/data/instances/reference_setcover/setcover_reference_080.lp,1000,500,25000
/Users/skandavyassrinivasan/Documents/Integral-Optimization-Branch-Learning-Research/data/instances/reference_setcover/setcover_reference_081.lp,1000,500,25000
/Users/skandavyassrinivasan/Documents/Integral-Optimization-Branch-Learning-Research/data/instances/reference_setcover/setcover_reference_082.lp,1000,500,25000
/Users/skandavyassrinivasan/Documents/Integral-Optimization-Branch-Learning-Research/data/instances/reference_setcover/setcover_reference_083.lp,1000,500,25000
/Users/skandavyassrinivasan/Documents/Integral-Optimization-Branch-Learning-Research/data/instances/reference_setcover/setcover_reference_084.lp,1000,500,25000
/Users/skandavyassrinivasan/Documents/Integral-Optimization-Branch-Learning-Research/data/instances/reference_setcover/setcover_reference_085.lp,1000,500,25000
/Users/skandavyassrinivasan/Documents/Integral-Optimization-Branch-Learning-Research/data/instances/reference_setcover/setcover_reference_086.lp,1000,500,25000
/Users/skandavyassrinivasan/Documents/Integral-Optimization-Branch-Learning-Research/data/instances/reference_setcover/setcover_reference_087.lp,1000,500,25000
/Users/skandavyassrinivasan/Documents/Integral-Optimization-Branch-Learning-Research/data/instances/reference_setcover/setcover_reference_088.lp,1000,500,25000
/Users/skandavyassrinivasan/Documents/Integral-Optimization-Branch-Learning-Research/data/instances/reference_setcover/setcover_reference_089.lp,1000,500,25000
/Users/skandavyassrinivasan/Documents/Integral-Optimization-Branch-Learning-Research/data/instances/reference_setcover/setcover_reference_090.lp,1000,500,25000
/Users/skandavyassrinivasan/Documents/Integral-Optimization-Branch-Learning-Research/data/instances/reference_setcover/setcover_reference_091.lp,1000,500,25000
/Users/skandavyassrinivasan/Documents/Integral-Optimization-Branch-Learning-Research/data/instances/reference_setcover/setcover_reference_092.lp,1000,500,25000
/Users/skandavyassrinivasan/Documents/Integral-Optimization-Branch-Learning-Research/data/instances/reference_setcover/setcover_reference_093.lp,1000,500,25000
/Users/skandavyassrinivasan/Documents/Integral-Optimization-Branch-Learning-Research/data/instances/reference_setcover/setcover_reference_094.lp,1000,500,25000
/Users/skandavyassrinivasan/Documents/Integral-Optimization-Branch-Learning-Research/data/instances/reference_setcover/setcover_reference_095.lp,1000,500,25000
/Users/skandavyassrinivasan/Documents/Integral-Optimization-Branch-Learning-Research/data/instances/reference_setcover/setcover_reference_096.lp,1000,500,25000
/Users/skandavyassrinivasan/Documents/Integral-Optimization-Branch-Learning-Research/data/instances/reference_setcover/setcover_reference_097.lp,1000,500,25000
/Users/skandavyassrinivasan/Documents/Integral-Optimization-Branch-Learning-Research/data/instances/reference_setcover/setcover_reference_098.lp,1000,500,25000
/Users/skandavyassrinivasan/Documents/Integral-Optimization-Branch-Learning-Research/data/instances/reference_setcover/setcover_reference_099.lp,1000,500,25000
